[
    {
        "received_timestamp": "2022-01-25 17:13:27.855742",
        "request_data": "User d290f1ee-6c54-4b01-90e6-d701748f0851 requested a 3 ride from 123 Granville St to 123 Londsdale Ave at 2022-01-19T14:20:00.001Z."
    },
    {
        "received_timestamp": "2022-01-25 17:13:27.866741",
        "request_data": "User trdjgyuilgfhygkyt is scheduling a ride to 123 Lonsdale Ave between 2022-01-19T14:20:00.001Z and 2022-01-19T14:20:00.001Z at 2022-01-19T14:20:00.001Z."
    },
    {
        "received_timestamp": "2022-01-25 17:13:27.929750",
        "request_data": "User d290f1ee-6c54-4b01-90e6-d701748f0851 requested a 3 ride from 123 Granville St to 123 Londsdale Ave at 2022-01-19T14:20:00.001Z."
    },
    {
        "received_timestamp": "2022-01-25 17:13:27.952744",
        "request_data": "User trdjgyuilgfhygkyt is scheduling a ride to 123 Lonsdale Ave between 2022-01-19T14:20:00.001Z and 2022-01-19T14:20:00.001Z at 2022-01-19T14:20:00.001Z."
    },
    {
        "received_timestamp": "2022-01-25 17:13:27.974752",
        "request_data": "User d290f1ee-6c54-4b01-90e6-d701748f0851 requested a 3 ride from 123 Granville St to 123 Londsdale Ave at 2022-01-19T14:20:00.001Z."
    },
    {
        "received_timestamp": "2022-01-25 17:13:27.994745",
        "request_data": "User trdjgyuilgfhygkyt is scheduling a ride to 123 Lonsdale Ave between 2022-01-19T14:20:00.001Z and 2022-01-19T14:20:00.001Z at 2022-01-19T14:20:00.001Z."
    },
    {
        "received_timestamp": "2022-01-25 17:13:28.031751",
        "request_data": "User d290f1ee-6c54-4b01-90e6-d701748f0851 requested a 3 ride from 123 Granville St to 123 Londsdale Ave at 2022-01-19T14:20:00.001Z."
    },
    {
        "received_timestamp": "2022-01-25 17:13:28.054743",
        "request_data": "User trdjgyuilgfhygkyt is scheduling a ride to 123 Lonsdale Ave between 2022-01-19T14:20:00.001Z and 2022-01-19T14:20:00.001Z at 2022-01-19T14:20:00.001Z."
    },
    {
        "received_timestamp": "2022-01-25 17:13:28.074747",
        "request_data": "User d290f1ee-6c54-4b01-90e6-d701748f0851 requested a 3 ride from 123 Granville St to 123 Londsdale Ave at 2022-01-19T14:20:00.001Z."
    },
    {
        "received_timestamp": "2022-01-25 17:13:28.092742",
        "request_data": "User trdjgyuilgfhygkyt is scheduling a ride to 123 Lonsdale Ave between 2022-01-19T14:20:00.001Z and 2022-01-19T14:20:00.001Z at 2022-01-19T14:20:00.001Z."
    }
]